direction,horizon,picks,avg_ret%,median%,win%,avg_kospi%,alpha%p,best,worst
buy,1주(5bd),90,1.5659194606255744,1.4166636934494048,58.88888888888889,2.45785159851643,-0.891932137890856,SK하이닉스 +46.2%,LG화학 -28.1%
buy,1개월(20bd),90,7.788747778592946,2.9512617405697217,53.333333333333336,12.203721958844982,-4.414974180252036,SK하이닉스 +83.5%,삼성물산 -26.0%
buy,3개월(60bd),70,21.174998186256705,21.063959587666492,68.57142857142857,29.983419841361425,-8.808421655104715,SK하이닉스 +97.0%,한국전력 -25.3%
sell,1주(5bd),90,-0.021942942167427513,-0.16893749910330547,47.77777777777778,2.45785159851643,-2.4797945406838577,현대차 +24.8%,현대차 -21.7%
sell,1개월(20bd),90,-8.49876014302093,-5.159943301536218,36.666666666666664,12.203721958844982,-20.702482101865915,현대차 +30.3%,LG이노텍 -118.5%
sell,3개월(60bd),70,-24.529514089058537,-20.438634872019247,20.0,29.983419841361425,-54.512933930419955,카카오 +35.6%,현대차 -127.5%
